Account ID,Company Name,Website,LinkedIn Company URL,Industry,Company Size,Country / Region,Target Buyer Role,Target Buyer Name,Buyer LinkedIn URL,Buyer Email,Priority Offer,Pain Hypothesis,Trigger Event / Reason to Contact,Outreach Channel,Lead Score,Status,Last Touch Date,Next Follow-up Date,Next Action,Notes,Verification Status
DST-LEGAL-001,Cyril Amarchand Mangaldas,https://www.cyrilshroff.com/,To verify,Legal,To verify,India,Legal Head,,,,Legal Document Intelligence,"Large legal teams may benefit from traceable clause extraction, contract review queues, and legal knowledge assistants.","Public website identifies CAM as a major Indian law firm; good fit for document intelligence conversation.",LinkedIn,78,Target Identified,,,Verify buyer and send legal AI connection request,"Do not add buyer name or email until publicly verified.","Official website verified; LinkedIn/company size/buyer to verify"
DST-LEGAL-002,Khaitan & Co,https://www.khaitanco.com/,To verify,Legal,To verify,India,Legal Head,,,,Legal Document Intelligence,"Digital and legal innovation activity suggests relevance for governed document intelligence and source-grounded legal workflows.","Public website and digital innovation page indicate a technology-aware legal services environment.",LinkedIn,76,Target Identified,,,Verify buyer and send legal document intelligence angle,"No personal contact data added.","Official website verified; LinkedIn/company size/buyer to verify"
DST-LEGAL-003,AZB & Partners,https://www.azbpartners.com/,To verify,Legal,To verify,India,Legal Head,,,,Legal Document Intelligence,"Full-service legal practices may have contract, compliance, investigation, and knowledge workflows that need traceability.","Public website positions firm as a full-service Indian law firm; relevant for document intelligence outreach.",LinkedIn,74,Target Identified,,,Verify buyer and send legal AI message,"Keep outreach focused on one document workflow.","Official website verified; LinkedIn/company size/buyer to verify"
DST-LEGAL-004,Trilegal,https://trilegal.com/,To verify,Legal,To verify,India,Legal Head,,,,Legal Document Intelligence,"Corporate legal work can create high-volume document review, clause comparison, and obligation tracking needs.","Public website positions firm as a leading Indian law firm; strong fit for source-traceable legal AI.",LinkedIn,74,Target Identified,,,Verify buyer and send source traceability message,"No fake contact details included.","Official website verified; LinkedIn/company size/buyer to verify"
DST-MFG-001,Bharat Forge,https://www.bharatforge.com/,To verify,Manufacturing,To verify,India,Manufacturing Operations Head,,,,Manufacturing Predictive Maintenance,"Manufacturing assets, machining operations, and quality events may support predictive maintenance or anomaly detection pilots.","Public website identifies Bharat Forge as a major forging/manufacturing company.",LinkedIn,76,Target Identified,,,Verify operations buyer and send maintenance readiness angle,"Start with asset data readiness, not downtime promises.","Official website verified; LinkedIn/company size/buyer to verify"
DST-MFG-002,TVS Motor Company,https://www.tvsmotor.com/,To verify,Manufacturing,To verify,India,Manufacturing Operations Head,,,,Manufacturing Predictive Maintenance,"Multi-plant manufacturing and mobility operations may benefit from maintenance intelligence, quality inspection, and production workflow AI.","Public website describes TVS Motor as a two- and three-wheeler manufacturer with multiple facilities.",LinkedIn,76,Target Identified,,,Verify plant or operations buyer and send 45-day pilot angle,"Use one workflow, one metric, one plant/line scope.","Official website verified; LinkedIn/company size/buyer to verify"
DST-MFG-003,Thermax,https://www.thermaxglobal.com/,To verify,Manufacturing,To verify,India,COO / Operations Head,,,,45-Day Industry AI Pilot,"Energy and industrial engineering workflows may benefit from predictive analytics, service intelligence, and operational decision support.","Public website positions Thermax around energy transition and industrial solutions.",LinkedIn,72,Target Identified,,,Verify operations buyer and send AI readiness message,"Keep pitch around industrial workflow intelligence.","Official website verified; LinkedIn/company size/buyer to verify"
DST-MFG-004,Cummins India,https://www.cummins.com/en/in,To verify,Manufacturing,To verify,India,Manufacturing Operations Head,,,,Manufacturing Predictive Maintenance,"Engine, power, and service operations may have asset data suitable for predictive maintenance and service intelligence.","Public India website establishes Cummins India presence and industrial relevance.",LinkedIn,72,Target Identified,,,Verify buyer and send maintenance data readiness message,"Do not claim fit until use case is qualified.","Official website verified; LinkedIn/company size/buyer to verify"
DST-HEALTH-001,Narayana Health,https://www.narayanahealth.org/,To verify,Healthcare,To verify,India,Healthcare Operations Head,,,,Healthcare AI Workflow,"Healthcare operations may need AI support for scheduling, documentation, knowledge access, and patient workflow coordination.","Public website identifies Narayana Health as a multi-speciality healthcare provider.",LinkedIn,75,Target Identified,,,Verify healthcare operations buyer and send workflow support angle,"Emphasize privacy, review, and human judgment.","Official website verified; LinkedIn/company size/buyer to verify"
DST-HEALTH-002,Apollo Hospitals,https://www.apollohospitals.com/,To verify,Healthcare,To verify,India,Healthcare Operations Head,,,,Healthcare AI Workflow,"Large hospital networks may benefit from governed AI workflow support across documentation, scheduling, and knowledge retrieval.","Public website identifies Apollo Hospitals as a major multi-speciality healthcare network.",LinkedIn,75,Target Identified,,,Verify operations/CIO buyer and send healthcare AI readiness angle,"Avoid clinical replacement language.","Official website verified; LinkedIn/company size/buyer to verify"
DST-HEALTH-003,HealthCare Global Enterprises (HCG),https://www.hcgoncology.com/,To verify,Healthcare,To verify,India,Healthcare Operations Head,,,,Healthcare AI Workflow,"Oncology care workflows may require secure document, scheduling, knowledge, and patient operations support with governance.","Public website identifies HCG as a healthcare provider focused on cancer care.",LinkedIn,70,Target Identified,,,Verify operations buyer and send workflow readiness message,"Keep outreach focused on operational support.","Official website verified; LinkedIn/company size/buyer to verify"
DST-BFSI-001,ICICI Lombard,https://www.icicilombard.com/,To verify,BFSI / Insurance,To verify,India,Compliance Head / Risk Head,,,,BFSI Compliance Intelligence,"Insurance operations may need AI support for claims triage, fraud signals, compliance review, and audit evidence.","Public website identifies ICICI Lombard as a general insurance provider.",LinkedIn,78,Target Identified,,,Verify risk/compliance buyer and send auditability message,"Mention auditability, not automation hype.","Official website verified; LinkedIn/company size/buyer to verify"
DST-BFSI-002,HDFC ERGO,https://www.hdfcergo.com/,To verify,BFSI / Insurance,To verify,India,Compliance Head / Risk Head,,,,BFSI Compliance Intelligence,"Insurance workflows can involve claims evidence, policy documents, fraud triage, and compliance reporting that need governed AI.","Public website identifies HDFC ERGO as a general insurance provider.",LinkedIn,76,Target Identified,,,Verify compliance/risk buyer and send governance review angle,"No personal data added.","Official website verified; LinkedIn/company size/buyer to verify"
DST-BFSI-003,Federal Bank,https://www.federalbank.co.in/,To verify,BFSI / Insurance,To verify,India,Risk Head / Compliance Head,,,,Responsible AI Governance Review,"Banking AI workflows require audit trails, access controls, human approval, model risk controls, and compliance mapping.","Public website identifies Federal Bank as a banking institution.",LinkedIn,74,Target Identified,,,Verify risk/compliance buyer and send responsible AI governance message,"Start with governance review rather than build pitch.","Official website verified; LinkedIn/company size/buyer to verify"
DST-HR-001,TeamLease,https://www.teamlease.com/,To verify,HR / Recruitment,To verify,India,CHRO / Talent Head,,,,AI Readiness Assessment,"High-volume staffing and workforce workflows may benefit from governed screening, matching, and knowledge assistant use cases.","Public website identifies TeamLease as a recruitment/workforce platform.",LinkedIn,72,Target Identified,,,Verify talent/operations buyer and send AI readiness offer,"Do not imply candidate automation without human review.","Official website verified; LinkedIn/company size/buyer to verify"
DST-HR-002,Quess Corp,https://www.quesscorp.com/,To verify,HR / Recruitment,To verify,India,CHRO / Talent Head,,,,AI Readiness Assessment,"Workforce management operations may have candidate, assignment, compliance, and support workflows suitable for governed AI readiness.","Public web sources identify Quess Corp as a workforce/business services company.",LinkedIn,70,Target Identified,,,Verify HR or operations buyer and send workflow scoring angle,"Buyer details pending verification.","Official website/source verified; LinkedIn/company size/buyer to verify"
DST-HR-003,foundit,https://www.foundit.in/,To verify,HR / Recruitment,To verify,India,Head of Operations / Talent Platform,,,,AI Readiness Assessment,"Recruitment platforms may benefit from matching, screening support, knowledge workflows, and AI governance around candidate-facing processes.","Public website identifies foundit as a jobs and recruitment platform.",LinkedIn,70,Target Identified,,,Verify operations/product buyer and send governed recruitment AI angle,"No personal contact data included.","Official website verified; LinkedIn/company size/buyer to verify"
DST-LOG-001,Delhivery,https://www.delhivery.com/,To verify,Retail / Logistics,To verify,India,COO / Operations Head,,,,45-Day Industry AI Pilot,"Logistics networks may benefit from exception intelligence, control tower analytics, shipment risk, and operations workflow AI.","Public website identifies Delhivery as an integrated logistics provider.",LinkedIn,78,Target Identified,,,Verify operations buyer and send logistics control tower pilot angle,"Focus on exception workflow and measurable operations metric.","Official website verified; LinkedIn/company size/buyer to verify"
DST-LOG-002,Blue Dart,https://www.bluedart.com/,To verify,Retail / Logistics,To verify,India,COO / Operations Head,,,,45-Day Industry AI Pilot,"Express logistics operations may benefit from shipment exception intelligence, service quality analytics, and operational knowledge assistants.","Public website describes Blue Dart as an express air and integrated transportation/distribution company.",LinkedIn,76,Target Identified,,,Verify operations buyer and send logistics AI workflow message,"Use one lane/exception workflow for pilot framing.","Official website verified; LinkedIn/company size/buyer to verify"
DST-LOG-003,Ecom Express,https://www.ecomexpress.in/,To verify,Retail / Logistics,To verify,India,COO / Operations Head,,,,45-Day Industry AI Pilot,"E-commerce logistics workflows may benefit from exception detection, route intelligence, support triage, and performance monitoring.","Public website identifies Ecom Express as a logistics provider; recent acquisition context may create operational integration triggers.",LinkedIn,74,Target Identified,,,Verify operations buyer and send pilot decision message,"Avoid mentioning unverified internal integration details.","Official website verified; LinkedIn/company size/buyer to verify"
DST-LEGAL-005,,To research,To verify,Legal,To verify,India,Legal Head,,,,Legal Document Intelligence,"Find a law firm or corporate legal team with contract review, compliance, or knowledge management pressure.","Research a public legal services or corporate legal department account.",LinkedIn,0,Target Identified,,,Research account and verify website,"Research slot for first 50 list; not a real account yet.",Research pending
DST-LEGAL-006,,To research,To verify,Legal,To verify,India,Legal Head,,,,Legal Document Intelligence,"Find a legal services firm with visible technology, privacy, compliance, or transaction advisory work.","Research a public legal account and verify source.",LinkedIn,0,Target Identified,,,Research account and verify website,"Research slot only.",Research pending
DST-LEGAL-007,,To research,To verify,Legal,To verify,India,General Counsel / Legal Head,,,,Responsible AI Governance Review,"Find corporate legal team likely concerned with AI policy, document review, and governance.","Research corporate legal buyer account.",LinkedIn,0,Target Identified,,,Research account,"Research slot only.",Research pending
DST-LEGAL-008,,To research,To verify,Legal,To verify,India,Legal Operations Head,,,,Legal Document Intelligence,"Find legal operations team with contract lifecycle, compliance, or document review burden.","Research account.",LinkedIn,0,Target Identified,,,Research account,"Research slot only.",Research pending
DST-LEGAL-009,,To research,To verify,Legal,To verify,India,Legal Head,,,,AI Readiness Assessment,"Find a legal team exploring AI but needing readiness and governance before rollout.","Research account.",LinkedIn,0,Target Identified,,,Research account,"Research slot only.",Research pending
DST-LEGAL-010,,To research,To verify,Legal,To verify,India,Legal Head,,,,Legal Document Intelligence,"Find a legal team where source-traceable knowledge assistant could reduce manual search.","Research account.",LinkedIn,0,Target Identified,,,Research account,"Research slot only.",Research pending
DST-MFG-005,,To research,To verify,Manufacturing,To verify,India,Plant Head / Operations Head,,,,Manufacturing Predictive Maintenance,"Find a discrete manufacturing company with asset maintenance, quality inspection, or downtime pressure.","Research public manufacturing account.",LinkedIn,0,Target Identified,,,Research account,"Research slot only.",Research pending
DST-MFG-006,,To research,To verify,Manufacturing,To verify,India,COO / Operations Head,,,,45-Day Industry AI Pilot,"Find manufacturer with multiple plants, production reporting, or service operations workflow pressure.","Research public manufacturing account.",LinkedIn,0,Target Identified,,,Research account,"Research slot only.",Research pending
DST-MFG-007,,To research,To verify,Manufacturing,To verify,India,Plant Head,,,,Manufacturing Predictive Maintenance,"Find company with machine logs, maintenance events, or quality inspection workflows.","Research public manufacturing account.",LinkedIn,0,Target Identified,,,Research account,"Research slot only.",Research pending
DST-MFG-008,,To research,To verify,Manufacturing,To verify,India,Head of Quality / Operations,,,,45-Day Industry AI Pilot,"Find manufacturer where visual inspection or anomaly detection could be assessed safely.","Research public manufacturing account.",LinkedIn,0,Target Identified,,,Research account,"Research slot only.",Research pending
DST-MFG-009,,To research,To verify,Manufacturing,To verify,India,COO / Operations Head,,,,AI Readiness Assessment,"Find manufacturer not ready for AI build but likely ready for a use-case scorecard.","Research public manufacturing account.",LinkedIn,0,Target Identified,,,Research account,"Research slot only.",Research pending
DST-MFG-010,,To research,To verify,Manufacturing,To verify,India,Plant Head / Operations Head,,,,Manufacturing Predictive Maintenance,"Find manufacturer with maintenance, spare-parts, or uptime pressure.","Research public manufacturing account.",LinkedIn,0,Target Identified,,,Research account,"Research slot only.",Research pending
DST-HEALTH-004,,To research,To verify,Healthcare,To verify,India,Healthcare Operations Head,,,,Healthcare AI Workflow,"Find healthcare provider with scheduling, documentation, patient workflow, or knowledge access pressure.","Research public healthcare account.",LinkedIn,0,Target Identified,,,Research account,"Research slot only.",Research pending
DST-HEALTH-005,,To research,To verify,Healthcare,To verify,India,CIO / Operations Head,,,,Secure AI Cloud Platform,"Find hospital network needing secure AI foundations before workflow assistants.","Research public healthcare account.",LinkedIn,0,Target Identified,,,Research account,"Research slot only.",Research pending
DST-HEALTH-006,,To research,To verify,Healthcare,To verify,India,Healthcare Operations Head,,,,AI Readiness Assessment,"Find healthcare organization exploring AI but needing privacy and governance readiness first.","Research public healthcare account.",LinkedIn,0,Target Identified,,,Research account,"Research slot only.",Research pending
DST-HEALTH-007,,To research,To verify,Healthcare,To verify,India,Healthcare Operations Head,,,,Healthcare AI Workflow,"Find diagnostics, hospital, or clinic network with operational workflow needs.","Research public healthcare account.",LinkedIn,0,Target Identified,,,Research account,"Research slot only.",Research pending
DST-HEALTH-008,,To research,To verify,Healthcare,To verify,India,CIO / Operations Head,,,,Responsible AI Governance Review,"Find healthcare organization where AI governance, privacy, and human approval will be critical.","Research public healthcare account.",LinkedIn,0,Target Identified,,,Research account,"Research slot only.",Research pending
DST-BFSI-004,,To research,To verify,BFSI / Insurance,To verify,India,Compliance Head / Risk Head,,,,BFSI Compliance Intelligence,"Find insurer, NBFC, or bank with claims, KYC, fraud, audit, or compliance workload pressure.","Research public BFSI account.",LinkedIn,0,Target Identified,,,Research account,"Research slot only.",Research pending
DST-BFSI-005,,To research,To verify,BFSI / Insurance,To verify,India,Risk Head,,,,Responsible AI Governance Review,"Find BFSI organization where model risk, audit trail, and AI controls matter.","Research public BFSI account.",LinkedIn,0,Target Identified,,,Research account,"Research slot only.",Research pending
DST-BFSI-006,,To research,To verify,BFSI / Insurance,To verify,India,Compliance Head,,,,BFSI Compliance Intelligence,"Find compliance-heavy BFSI account with document, evidence, or audit readiness needs.","Research public BFSI account.",LinkedIn,0,Target Identified,,,Research account,"Research slot only.",Research pending
DST-BFSI-007,,To research,To verify,BFSI / Insurance,To verify,India,CTO / CIO,,,,Secure AI Cloud Platform,"Find BFSI account where secure AI landing zone is likely prerequisite for pilots.","Research public BFSI account.",LinkedIn,0,Target Identified,,,Research account,"Research slot only.",Research pending
DST-BFSI-008,,To research,To verify,BFSI / Insurance,To verify,India,Risk Head / Compliance Head,,,,Responsible AI Governance Review,"Find account with visible governance, digital, or risk transformation trigger.","Research public BFSI account.",LinkedIn,0,Target Identified,,,Research account,"Research slot only.",Research pending
DST-HR-004,,To research,To verify,HR / Recruitment,To verify,India,CHRO / Talent Head,,,,AI Readiness Assessment,"Find recruitment, staffing, or HR services company with screening, matching, or talent workflow pressure.","Research public HR/recruitment account.",LinkedIn,0,Target Identified,,,Research account,"Research slot only.",Research pending
DST-HR-005,,To research,To verify,HR / Recruitment,To verify,India,Head of Operations,,,,45-Day Industry AI Pilot,"Find HR operations account where AI can support matching, support triage, or knowledge workflows.","Research public HR/recruitment account.",LinkedIn,0,Target Identified,,,Research account,"Research slot only.",Research pending
DST-HR-006,,To research,To verify,HR / Recruitment,To verify,India,CHRO / Talent Head,,,,Responsible AI Governance Review,"Find HR team where AI screening fairness, human approval, and auditability are important.","Research public HR/recruitment account.",LinkedIn,0,Target Identified,,,Research account,"Research slot only.",Research pending
DST-LOG-004,,To research,To verify,Retail / Logistics,To verify,India,COO / Operations Head,,,,45-Day Industry AI Pilot,"Find logistics or retail operations company with exception handling, demand, route, or fulfillment pressure.","Research public logistics/retail account.",LinkedIn,0,Target Identified,,,Research account,"Research slot only.",Research pending
DST-LOG-005,,To research,To verify,Retail / Logistics,To verify,India,Head of Supply Chain,,,,45-Day Industry AI Pilot,"Find supply-chain-heavy account with control tower or anomaly detection use case.","Research public logistics/retail account.",LinkedIn,0,Target Identified,,,Research account,"Research slot only.",Research pending
DST-LOG-006,,To research,To verify,Retail / Logistics,To verify,India,COO / Operations Head,,,,AI Readiness Assessment,"Find retail/logistics account exploring AI but needing use-case prioritization.","Research public logistics/retail account.",LinkedIn,0,Target Identified,,,Research account,"Research slot only.",Research pending
DST-LOG-007,,To research,To verify,Retail / Logistics,To verify,India,Head of Operations,,,,45-Day Industry AI Pilot,"Find company with warehouse, delivery, inventory, or support workflow pain.","Research public logistics/retail account.",LinkedIn,0,Target Identified,,,Research account,"Research slot only.",Research pending
DST-LOG-008,,To research,To verify,Retail / Logistics,To verify,India,CTO / CIO,,,,Secure AI Cloud Platform,"Find logistics/retail account needing secure data, observability, and AI platform foundations.","Research public logistics/retail account.",LinkedIn,0,Target Identified,,,Research account,"Research slot only.",Research pending
